{
  "project_info": {
    "project_number": "945461026529",
    "firebase_url": "https://finalproject-bdd15-default-rtdb.firebaseio.com",
    "project_id": "finalproject-bdd15",
    "storage_bucket": "finalproject-bdd15.appspot.com"
  },
  "client": [
    {
      "client_info": {
        "mobilesdk_app_id": "1:945461026529:android:55599f29af30ba3d5821a0",
        "android_client_info": {
          "package_name": "com.example.finalproject"
        }
      },
      "oauth_client": [
        {
          "client_id": "945461026529-rr7jjorn8a6hadpjlidafrnt4o7sn91u.apps.googleusercontent.com",
          "client_type": 3
        }
      ],
      "api_key": [
        {
          "current_key": "AIzaSyCqGyVJdrdDnhqizsRf5qQKQV9ULrBoN68"
        }
      ],
      "services": {
        "appinvite_service": {
          "other_platform_oauth_client": [
            {
              "client_id": "945461026529-rr7jjorn8a6hadpjlidafrnt4o7sn91u.apps.googleusercontent.com",
              "client_type": 3
            }
          ]
        }
      }
    }
  ],
  "configuration_version": "1"
}